,count,mean,std,min,25%,50%,75%,max
금촌119안전센터,3248.0,15.496630410628088,6.493239253425875,0.0,15.875,17.3125,18.585227269999997,41.0
자운학교 앞,3243.0,24.17190009984578,7.407132565987449,0.0,23.5,25.66666667,27.625,57.0
노인복지관,3243.0,24.17190009984578,7.407132565987449,0.0,23.5,25.66666667,27.625,57.0
파주병원,3225.0,18.74743231873178,7.3640001588933774,0.0,18.2,20.4,22.20833333,57.0
