,보행길이(m),count,mean,std,min,25%,50%,75%,max
금촌119안전센터,16,3248,0.795318159,0.334211134,0,0.8,0.891139241,0.955223881,2
자운학교 앞,16,3243,1.298996158,0.430425699,0,1.233974359,1.337579618,1.447368421,3.5
노인복지관,35,3243,1.298996158,0.430425699,0,1.233974359,1.337579618,1.447368421,3.5
파주병원,20,3225,0.874466167,0.349193313,0,0.8477842,0.946745562,1.032258065,3.333333333
